Algorithm,Accuracy,Precision,Recall,F1,AUPRC,Final Expression MSE,Final Expression RMSE,Final Expression MAE,Final Expression R²,Final Expression PearsonCorr
ppo,0.7010416666666667,0.7173459497767741,0.7010416666666667,0.6992292786800753,0.6758219284915017,0.5003566797518525,0.6966604422960819,0.6159742298650599,0.17630328015172336,0.7070064489706999
trpo,0.7802083333333334,0.7972588176921334,0.7802083333333334,0.7788644818790635,0.746773968864026,0.35560563515557536,0.590411478238265,0.5011936142641086,0.4292980105188189,0.8131662311471547
trpo_to_ppo,0.8958333333333334,0.9034153384061472,0.8958333333333334,0.8953239465461252,0.8667160449412767,0.09138899600683491,0.28878336899042767,0.23855754911182886,0.8621204925557069,0.9511620341890449
