Algorithm,Accuracy,Precision,Recall,F1,AUPRC,Final Expression MSE,Final Expression RMSE,Final Expression MAE,Final Expression R²,Final Expression PearsonCorr
ppo,0.7234375,0.7439292280785484,0.7234375,0.7231877738627573,0.687057077386112,0.4975907720776137,0.7005328237182685,0.6160521305188316,0.315641510087865,0.7470264894068834
trpo,0.7541666666666667,0.7732358946585678,0.7541666666666667,0.7549524642857657,0.7151469034131404,0.5613228134951491,0.7468862277023831,0.6663032029471349,0.22232714688912014,0.7886657179014311
trpo_to_ppo,0.9026041666666667,0.9119928257537705,0.9026041666666667,0.9030372927620894,0.8821112741766626,0.06624368053416856,0.251206113702513,0.20327001152809315,0.909009463254828,0.960667914422215
