Algorithm,Accuracy,Precision,Recall,F1,AUPRC,Final Expression MSE,Final Expression RMSE,Final Expression MAE,Final Expression R²,Final Expression PearsonCorr
ppo,0.7208333333333333,0.7571608728523932,0.7208333333333333,0.714529541324683,0.694146135322709,0.5358995398600026,0.7261642928436717,0.6447548414689663,0.3913347271288624,0.7727953497830969
trpo,0.7697916666666667,0.7995635963274557,0.7697916666666667,0.7672146233900886,0.7333041549791375,0.3824380663908176,0.612010982312871,0.5202575511262694,0.5590024000590375,0.8438707021793598
trpo_to_ppo,0.8958333333333334,0.9106171711252097,0.8958333333333334,0.8947017670879819,0.8794161633580792,0.0820418010960043,0.27585088442688643,0.22199445124545794,0.9118322683291418,0.9637355125477417
